image,temperature,humidity,soil_moisture,light_level
7de93009-6180-4027-8779-76947cda3e2f___2700323949_95aa2eaa01_o.jpg,18,84,31,813
3306b49b-e3b3-4450-8609-ae44ab2b6593___bell-pepper-plant-61726.jpg,28,45,19,577
42f083e2-272d-4f83-ad9a-573ee90e50ec___Screen Shot 2015-05-06 at 4.01.13 PM.png,34,33,59,325
3b34322e-e2ad-4023-bf76-f290fb2455a1___GHLB_PS Leaf 52 Day 18.jpg,20,38,64,644
233f5fca-7077-4175-a29f-57f310ea7879___GHLB_PS Leaf 51 Day 18.jpg,28,40,25,618
f843c76c-a7d4-4031-abe2-9245602fbb15___GHLB_PS Leaf 49.1 Day 18.jpg,29,74,65,808
4be2e7c4-f539-41c3-975b-a1ff17b516ec___GHLB_PS Leaf 2 Day 8.jpg,34,85,30,347
bb2fca37-44c5-400e-b81e-b402549d45c1___GHLB_PS Leaf 43.3 Day 18.jpg,34,71,72,548
1f38a263-cfb5-47fe-8c0e-f8d62141f922___GHLB_PS leaf 28 Day 12 .jpg,27,88,79,337
d6ccb948-fdd5-4357-bb6a-c3df838ea465___GHLB_PS Leaf 8.1 Day 8.jpg,23,54,40,735
fb5dc387-cb1d-49bb-b81e-58d60705a2fd___GHLB_PS Leaf 1.3 Day 16.jpg,34,79,78,408
e8c3e15e-99ae-4c47-9d27-4d94c2b96e8a___GHLB_PS Leaf 26.3 Day 13.jpg,35,36,18,561
d63639eb-4a20-4321-b8b6-38de563a1ee6___GHLB_PS Leaf 26.4 Day 13.jpg,21,39,72,887
65d94a14-e372-4f4f-b955-c2144ebd3166___GHLB_PS Leaf 28 Day 13.jpg,21,45,64,775
35262a28-c600-4d1a-9179-f2e0d1638c08___GHLB_PS Leaf 42 Day 18.jpg,23,68,26,333
c9f19d2a-8c9d-4ac1-b077-545c5d6f53a9___GHLB_PS Leaf 53 Day 18 .jpg,34,87,57,829
a59f35a2-f548-4e6f-8784-c106af003c33___GHLB_PS Leaf 25.1 Day 16.jpg,20,34,26,667
ea42a7f6-5683-41d6-b3fc-acf07d1865e4___GHLB_PS Leaf 8 Day 9.jpg,23,68,31,446
e64d0e92-dbc2-44c2-b96a-3da5dc3a1c39___GHLB_PS Leaf 15.1 Day 8.jpg,31,71,35,720
0172b2ff-6f6f-43e1-9a63-ea4bb2bce450___GHLB_PS Leaf 17 Day 9.jpg,21,66,60,464
3a0cd50f-708e-478a-9231-39db5f2fc7c3___GHLB_PS Leaf 32.1 Day 13.jpg,23,57,47,354
48c55974-9fe9-4f4b-94f7-c8cd127d1e05___GHLB_PS Leaf 23.7 Day 13.jpg,29,39,79,315
3db1a347-001b-4170-8f64-4fa097f83bc7___GHLB_PS Leaf 1.2 Day 8.jpg,18,86,67,529
6395653e-67bb-45ae-97cb-9adf19a9ae62___GHLB_PS Leaf 16 Day 8.jpg,19,89,23,228
993825d6-dbbd-41b8-9993-c68c3504eff8___GHLB_PS Leaf 36 Day 13.jpg,29,44,42,811
6c0403af-46da-424a-bb2e-98610e1b11b1___GHLB_PS Leaf 38 Day 16.jpg,30,80,37,738
45fefdc6-a9a7-4955-8066-146efe1c8a1c___GHLB_PS Leaf 27 Day 9.jpg,33,78,66,253
674b9176-bd0c-47be-94a3-7c973d2ecdab___GHLB_PS leaf 28.1 Day 12.jpg,25,79,61,216
a5ef7726-d20f-4109-985f-7fc8989e4aa5___GHLB_PS Leaf 2.2 Day 8.jpg,30,49,74,737
a6007dbc-3a2f-4c1e-9ec6-28d7d3a17f28___GHLB_PS Leaf 13 Day 8.jpg,23,48,76,545
9ed83599-49d6-479c-a69b-a133d9aee606___GHLB_PS Leaf 1.3 Day 13.jpg,32,56,26,376
517a9ea3-3465-4855-997e-dde30e566ab3___GHLB_PS Leaf 15 Day 7.jpg,32,90,14,835
75c6ecf4-8a75-4bc6-bfcb-2331f5c56b38___GHLB_PS Leaf 24.1 Day 13.jpg,23,60,33,474
10acd4c3-b1b8-4fc7-848a-c9af30086e78___GHLB_PS Leaf 28.2 Day 13.jpg,34,42,33,723
cc182d88-d09a-4caa-948a-91db3007290a___GHLB_PS Leaf 2.1 Day 7.jpg,22,68,78,871
88e2e3f1-defc-4d08-951a-ea6ed654dfe0___GHLB_PS Leaf 8 Day 8.jpg,18,63,72,680
98ae3801-450e-493f-aca0-014520cfaf6e___GHLB_PS Leaf 29.1 Day 12.jpg,30,87,71,665
ac1fbb8a-2a44-4d70-8c93-fc3cc13a876d___GHLB_PS Leaf 17 Day 8.jpg,32,68,79,459
7b343a4c-5fbc-40f6-83da-ccae49ebd5fb___GHLB_PS Leaf 35 Day 13.jpg,24,43,59,794
c3459ef4-41aa-415d-9941-e3fbdac87f20___GHLB_PS Leaf 8 Day 13.jpg,20,60,69,753
98586693-fe1f-4ea0-8e27-4501b61cf09b___GHLB_PS Leaf 23.5 Day 13.jpg,19,79,45,471
a6876e29-dc0f-4716-bd3c-eedc9f45cf70___GHLB_PS Leaf 41 Day 18.jpg,21,68,49,543
7e10e4ed-19e9-4e89-a936-4b2bb30d4e90___GHLB_PS Leaf 1 Day 13.jpg,21,59,42,925
28130e0a-20fa-47bb-a995-74933946ff2f___GHLB_PS Leaf 24.4 Day 13.jpg,27,32,34,474
ce3f895d-e031-4ed9-ac40-7f6550894bff___GHLB_PS Leaf 52.1 Day 18.jpg,18,46,79,707
d5f68aaa-5700-4957-b08c-dcab8be0d49e___GHLB_PS Leaf 1 Day 9.jpg,29,42,35,353
ed974f5b-e999-46a9-9e22-da51da2766b6___GHLB_PS Leaf 8 Day 16.jpg,32,87,62,929
bd9341f4-34d9-4acb-9aa0-5dbff08f8ba6___GHLB_PS Leaf 23 Day 9.jpg,26,52,78,502
4bf424a2-b275-4ac0-968c-fe229136f10d___GHLB_PS Leaf 2.5 Day 16.jpg,19,41,18,959
5e8c40ac-42c2-47da-87d4-c136216c6bea___GHLB_PS Leaf 49 Day 18.jpg,22,72,12,911
037c55c7-6e33-4b8d-af05-4d555f4e658e___GHLB_PS Leaf 42.1 Day 18.jpg,27,53,67,685
9bd2db81-5615-49e0-8697-e38d34b5a2ca___GHLB_PS Leaf 24.2 Day 13.jpg,22,72,40,918
dcf0db57-e7d2-487f-b9df-2ec299e0ee48___GHLB_PS Leaf 17.1 Day 8.jpg,26,60,55,432
d7d87536-e71c-4324-a00a-107b9ee00614___GHLB_PS Leaf 22.1 Day 9.jpg,30,75,15,254
d0badc95-d04c-457b-8db8-aa6e198f4bd6___GHLB Leaf 10 Day 6.jpeg,23,30,14,443
12125c80-42e3-4970-bb92-524262c337fa___GHLB_PS Leaf 8.1 Day 7.jpg,18,73,37,752
f21ce358-48ea-4676-9395-22145c4c9707___GHLB_PS Leaf 25.1 Day 9.jpg,27,46,47,247
1159051e-1278-4b35-929c-e26b963d048f___GHLB_PS Leaf 8.1 Day 16.jpg,28,61,68,995
c1775bad-7c02-41fb-bb7d-f8df91d60ac3___GHLB_PS Leaf 23.5 Day 13.jpg,22,55,67,888
c3a5ec63-9d0d-48a2-898a-9bc31b4443a9___GHLB_PS Leaf 1.2 Day 16.jpg,33,51,48,511
b2a9abfe-731d-4143-a534-158a4aea4dd1___GHLB_PS Leaf 1.5 Day 13.jpg,28,32,60,271
c9258e44-7f45-4baf-8140-69d4857c56ee___GHLB_PS Leaf 45 Day 18.jpg,29,68,17,374
60196a6c-a134-4107-8178-d1bb47450cee___GHLB Leaf 23.1 Day 9.jpg,26,62,36,339
97968e5a-b1d0-428c-842a-f77308212339___GHLB_PS Leaf 46.2 Day 18.jpg,30,49,75,964
6b7f4762-88d6-4e85-8fad-57ca4083ec89___GHLB_PS Leaf 8.1 Day 9.jpg,24,73,57,384
77730acc-705a-4b8f-8e3a-dc70bd348d40___GHLB_PS Leaf 32 Day 13.jpg,18,47,41,395
373403cf-6ba1-441e-bd8a-590578b67ba7___GHLB_PS Leaf 1 Day 16.jpg,23,39,48,687
b68b50e0-52b1-4ba0-98df-8080ffaf3a70___GHLB_PS Leaf 26 Day 16.jpg,24,77,26,775
cb11b3a4-a1f5-43a2-a7ff-399d7674b708___GHLB_PS Leaf 2.2 Day 18.jpg,21,79,10,705
29e924db-ef09-49f2-9db3-e3c548a444d5___GHLB_PS Leaf 17.1 Day 9.jpg,31,38,15,239
5de6da85-f8c4-48c4-b463-3e6bd78884cc___GHLB_PS Leaf 24 Day 16.jpg,30,44,11,789
4b115bc3-911c-4e98-b948-a6a360f06a87___GHLB_PS Leaf 25 Day 9.jpg,33,53,45,200
5114b264-0305-4447-b560-6ca1826d3420___GHLB_PS Leaf 24.1 Day 16.jpg,19,69,36,414
784f6313-1080-4bd1-a556-d4e14e6879d0___GHLB_PS Leaf 53.1 Day 18 .jpg,19,51,57,875
c7871a80-0d29-40ab-b117-344808cb3485___GHLB_PS Leaf 33 Day 13.jpg,23,62,11,921
3943d2dd-ffb8-43db-a59d-db7af654aecf___GHLB_PS Leaf 51.1 Day 18.jpg,33,74,29,851
eb816984-283e-4a3b-846d-9bf24b1cce8d___GHLB_PS Leaf 37.2 Day 13.jpg,21,51,50,635
09cdb8a4-0c20-4acd-b4c8-709fad7010fd___GHLB_PS Leaf 37 Day 16.jpg,28,35,36,339
bff1cbac-a141-4eda-ab29-b34dee705bce___GHLB_PS Leaf 47 Day 18.jpg,21,32,17,323
5600518d-5a2d-4155-a53b-cad312d7fbb1___GHLB_PS Leaf 26 Day 13.jpg,19,61,43,720
1bfebfc9-3eda-4889-bdb1-75a8929a1b4f___GHLB_PS Leaf 48 Day 18.jpg,19,78,30,852
aa2b76f2-a7e8-443c-81eb-20c00c0fd488___GHLB_PS Leaf 39.1 Day 16.jpg,22,45,22,945
5d8d97e7-8a2f-459f-a610-c26af46c7f5f___GHLB_PS Leaf 25.2 Day 16.jpg,32,88,33,287
fe20bf11-9be6-480c-8c99-b7b391ac9653___GHLB_PS Leaf 44.2 Day 18.jpg,31,48,23,762
121097dd-b0cb-436b-9b2f-7dab30c86872___GHLB_PS Leaf 37.1 Day 13.jpg,25,49,30,267
65773c21-d788-4c22-84b4-91257a603e74___GHLB_PS Leaf 13 Day 7.jpg,30,36,72,513
fddb6641-3785-4971-b44c-3cf0193112c2___GHLB_PS Leaf 43.2 Day 18.jpg,21,53,56,524
ecfdf723-18dd-46d5-9d22-a54289e9d765___GHLB_PS Leaf 31 Day 12.jpg,30,62,36,516
452dfdfb-298d-4c0c-b500-0c480eea587d___GHLB_PS Leaf 40 Day 18.jpg,29,40,20,343
17fcb016-4663-4f95-bc0b-b40392235015___GHLB_PS Leaf 35.1 Day 13.jpg,21,61,66,825
861d8b00-57a4-46b0-b51a-09d102dbe119___GHLB_PS Leaf 24 Day 13.jpg,19,57,40,627
16b43113-cc8c-4082-a88f-648b79036e49___GHLB_PS Leaf 23.4 Day 13.jpg,34,48,38,257
1cb5d336-3649-49bf-aa9a-72950067b8b0___GHLB_PS Leaf 12 Day 9.jpg,21,46,62,955
10020ad2-c9bc-448b-a2de-7a8d34796f96___GHLB_PS Leaf 2.1 Day 13.jpg,23,57,17,292
e55af4aa-1f1c-4300-86ca-bdcff04bef80___GHLB_PS Leaf 2 Day 9.jpg,23,51,80,984
af0ded43-0d73-4d40-bd97-2597806aa707___GHLB_PS Leaf 37 Day 13.jpg,25,87,49,730
afa8f963-b75c-4582-922b-c01f78d7d112___GHLB_PS Leaf 50 Day 18.jpg,23,35,36,311
f66ada20-cd47-4393-b7c6-87f1f39fd741___GHLB_PS Leaf 41.1 Day 18.jpg,23,64,24,433
d346f7f2-7cc9-43ef-bfcf-fbfd9d9db724___GHLB_PS Leaf 18 Day 8.jpg,28,54,68,891
3fae9c64-18f0-4a67-9f97-554248bb1bed___GHLB_PS Leaf 24 Day 16.jpg,31,82,10,217
c933cfb7-d1c7-420b-88d0-7df28ae6ab2d___GHLB_PS Leaf 36.1 Day 13.jpg,18,49,22,907
7d4d00c0-1e72-427d-9f05-1f64f8051cb8___GHLB_PS Leaf 1 Day 7.jpg,25,51,42,695
07b42bb5-9f6c-43bc-9bbe-e4b127d84cb6___GHLB Leaf 18.1 Day 8.jpg,28,42,14,235
7ec8c270-72a5-4c84-bfdb-400735f5b35c___GHLB_PS Leaf 46 Day 18.jpg,35,74,76,523
670616fe-c1a6-41a9-99b2-eb6270d8c299___GHLB_PS Leaf 26.2 Day 16.jpg,33,47,52,634
e5b50c59-e517-4dcc-8887-8bd2ca748329___GHLB2ES Leaf 142.jpg,26,83,61,327
0b988f87-fdce-40ba-aa09-7e6c9e1d6d30___GHLB_PS Leaf 21 Day 8.jpg,33,52,62,936
c1114ce7-8c10-4854-8c07-66b3500ae853___GHLB_PS Leaf 8 Day 7.jpg,34,46,65,786
10bdda57-bfe5-4403-a4c6-a1211d4f348e___GHLB_PS Leaf 20 Day 8.jpg,20,88,33,559
28e858c2-03ac-423c-8e0c-72e38a5634d9___GHLB_PS Leaf 2.2 Day 13.jpg,20,69,55,959
359ad718-024d-4c9e-b871-4144ca25da76___GHLB_PS Leaf 23.1 Day 13.jpg,33,31,63,740
d82b634e-9a19-497b-b698-aaf100d622a1___GHLB_PS Leaf 24 Day 13.jpg,34,69,59,764
bd4f09bd-ee85-4ab1-bce0-8cde3fdd7f1b___GHLB_PS Leaf 23.7 Day 13.jpg,26,37,51,395
5916c8e5-c9d2-4bc5-b5e7-8812caf890aa___GHLB_PS Leaf 29 Day 12.jpg,22,59,67,214
127f2df5-4da2-40ef-ba65-91a732f2498e___GHLB_PS Leaf 40.1 Day 18.jpg,30,60,14,908
de8d11a4-24da-489d-9c88-0d7cf5344cdc___GHLB_PS Leaf 2.3 Day 16.jpg,22,31,10,462
de2e16e8-b372-4d2e-ab3b-30b21c30faa7___GHLB_PS Leaf 1.5 Day 18.jpg,20,45,59,877
89d2801e-6359-4079-a4c2-0df4718d7800___GHLB_PS Leaf 1 Day 8.jpg,26,37,33,834
b2f89c9a-820c-4a8b-a6dd-bb0adab42757___GHLB_PS Leaf 44.1 Day 18.jpg,28,68,57,705
ac205c4a-58c5-430f-8b4c-f853652df749___GHLB_PS Leaf 30 Day 13.jpg,34,87,58,618
302da4a0-3b99-46ad-80f6-16ae585abf24___GHLB_PS Leaf 2.1 Day 18.jpg,29,71,53,962
a4547675-5ca9-48de-a334-deb20db0808c___GHLB_PS Leaf 34 Day 13.jpg,31,55,50,735
123c4b62-8641-4d88-b8cd-1c2e24a6c3a5___GHLB_PS Leaf 26.2 Day 13.jpg,18,70,25,384
12c80d02-59c6-4db4-a96e-b28c3fdaf3c2___GHLB_PS Leaf 1.2 Day 9.jpg,19,39,31,401
5de5dfbd-cd1f-4e5f-a263-256abb97b05b___GHLB_PS Leaf 8.1 Day 13.jpg,30,82,43,855
bb1cfbc3-b8eb-4a56-9313-86cffbea4524___GHLB_PS Leaf 30.1 Day 13.jpg,24,54,41,950
bbedca9b-8f66-4437-adb6-87f11edd8398___GHLB_PS Leaf 47.2 Day 18.jpg,29,53,66,718
c4f45383-715a-48b2-8ec7-c45d1c230a9d___GHLB_PS Leaf 13.1 Day 7.jpg,22,49,66,677
31eb8659-67c1-4cc6-b0b9-1d5ffe9eed0b___GHLB_PS Leaf 2.3 Day 18.jpg,30,44,35,262
c88e92df-e964-428e-9d8b-df1e402fa41f___GHLB_PS Leaf 27.1 Day 13.jpg,33,43,48,693
80fc88e3-e4b6-49be-9f10-a364dbf88767___GHLB2ES Leaf 137.jpg,35,44,41,246
15dc06c9-506a-470b-a015-14dcb585389f___GHLB_PS Leaf 15 Day 8.jpg,27,46,22,527
e9ef618a-46ef-4e2d-a76e-a2423336b29b___GHLB_PS Leaf 43 Day 18.jpg,25,76,26,427
736cd652-e63d-4b01-a3c6-6859bc095fb9___GHLB_PS Leaf 39 Day 16.jpg,26,41,54,673
a93a7ca0-3ed4-4d86-9441-49a6d605c26d___GHLB_PS Leaf 26 Day 9.jpg,20,37,44,238
ee26dd7d-3a4e-44c1-af1a-34dfdaa3d585___GHLB_PS Leaf 1.2 Day 7.jpg,29,42,59,462
baaa63dc-483f-44a6-ae09-855923e1607e___GHLB_PS Leaf 23.2 Day 9.jpg,23,34,49,840
860b6c56-686a-4f21-8ae3-d7e45acd760b___GHLB_PS Leaf 25 Day 16.jpg,20,80,16,231
cac3a565-799f-4b66-a575-5ad6ff356d37___GHLB_PS Leaf 2.3 Day 8.jpg,28,63,60,279
ff82087d-e992-41fb-a2ec-f726d92e6c58___GHLB_PS Leaf 27 day 13.jpg,30,85,41,375
ab4a4903-8395-481b-8f97-ee6837f5c094___GHLB_PS Leaf 30 Day 12.jpg,30,54,18,975
674de9c3-1e13-46e2-9d5d-f75f97cff552___GHLB_PS Leaf 1 Day 18.jpg,19,30,45,386
8b2bb3d4-b5db-4772-8151-2689b7d52846___GHLB_PS Leaf 19.1 Day 8.jpg,19,85,28,914
8fb5837a-daa2-49c9-8e6e-eeca83e1e764___GHLB_PS Leaf 26.1 Day 13.jpg,22,77,69,579
d84f5ea2-462a-40e2-8b01-916a65588aaf___GHLB_PS Leaf 22 Day 9.jpg,31,53,45,302
231e8502-72a3-4717-9ab7-919d02f6be1b___GHLB_PS Leaf 27.4 Day 13.jpg,30,46,38,775
d2ef0edd-4a4f-4245-85a8-34309ef9ef71___GHLB_PS Leaf 46.1 Day 18.jpg,21,77,22,839
c56dfea3-420f-46cf-b974-cec54b2c6992___GHLB_PS Leaf 2 Day 18.jpg,29,32,36,844
86992828-48ea-428c-bb7d-0c89365314b9___GHLB_PS Leaf 18.2 Day 8.jpg,26,37,54,406
7725973d-b1dd-4da4-abc9-2cc0cc247485___GHLB_PS Leaf 23.3 Day 9.jpg,30,73,73,885
ea0c20e8-ad9f-48a0-830c-280dbeeed370___GHLB_PS Leaf 48.1 Day 18.jpg,31,42,74,969
71fdeb76-d0e0-40a9-8a58-22d88a1c2b2b___GHLB_PS Leaf 34.1 Day 13.jpg,19,47,23,625
1f2dc4ae-5264-443a-a103-67fafb37bc70___GHLB_PS Leaf 26.1 Day 16.jpg,21,67,57,237
830c33b8-d419-4fb7-98f8-08387e726648___GHLB_PS Leaf 1.5 Day 16.jpg,35,68,32,989
aa32ce1a-27a6-4371-b119-ff5ea6e34a3d___GHLB_PS Leaf 24 Day 9.jpg,32,35,73,943
f7be50b3-65ad-4d0d-9c7f-55ab2de07b1b___GHLB_PS Leaf 19 Day 8.jpg,19,48,68,458
7de93009-6180-4027-8779-76947cda3e2f___2700323949_95aa2eaa01_o.jpg,26,89,50,930
3306b49b-e3b3-4450-8609-ae44ab2b6593___bell-pepper-plant-61726.jpg,21,32,47,257
42f083e2-272d-4f83-ad9a-573ee90e50ec___Screen Shot 2015-05-06 at 4.01.13 PM.png,34,55,76,653
3b34322e-e2ad-4023-bf76-f290fb2455a1___GHLB_PS Leaf 52 Day 18.jpg,34,86,63,590
233f5fca-7077-4175-a29f-57f310ea7879___GHLB_PS Leaf 51 Day 18.jpg,35,48,54,943
f843c76c-a7d4-4031-abe2-9245602fbb15___GHLB_PS Leaf 49.1 Day 18.jpg,27,66,36,742
4be2e7c4-f539-41c3-975b-a1ff17b516ec___GHLB_PS Leaf 2 Day 8.jpg,31,81,68,392
bb2fca37-44c5-400e-b81e-b402549d45c1___GHLB_PS Leaf 43.3 Day 18.jpg,30,86,49,318
1f38a263-cfb5-47fe-8c0e-f8d62141f922___GHLB_PS leaf 28 Day 12 .jpg,29,32,26,505
d6ccb948-fdd5-4357-bb6a-c3df838ea465___GHLB_PS Leaf 8.1 Day 8.jpg,29,54,31,849
fb5dc387-cb1d-49bb-b81e-58d60705a2fd___GHLB_PS Leaf 1.3 Day 16.jpg,20,68,13,944
e8c3e15e-99ae-4c47-9d27-4d94c2b96e8a___GHLB_PS Leaf 26.3 Day 13.jpg,19,78,20,745
d63639eb-4a20-4321-b8b6-38de563a1ee6___GHLB_PS Leaf 26.4 Day 13.jpg,22,60,44,831
65d94a14-e372-4f4f-b955-c2144ebd3166___GHLB_PS Leaf 28 Day 13.jpg,22,40,12,307
35262a28-c600-4d1a-9179-f2e0d1638c08___GHLB_PS Leaf 42 Day 18.jpg,29,56,36,447
c9f19d2a-8c9d-4ac1-b077-545c5d6f53a9___GHLB_PS Leaf 53 Day 18 .jpg,21,41,71,319
a59f35a2-f548-4e6f-8784-c106af003c33___GHLB_PS Leaf 25.1 Day 16.jpg,29,81,21,203
ea42a7f6-5683-41d6-b3fc-acf07d1865e4___GHLB_PS Leaf 8 Day 9.jpg,33,50,80,698
e64d0e92-dbc2-44c2-b96a-3da5dc3a1c39___GHLB_PS Leaf 15.1 Day 8.jpg,31,54,60,900
0172b2ff-6f6f-43e1-9a63-ea4bb2bce450___GHLB_PS Leaf 17 Day 9.jpg,32,53,33,538
3a0cd50f-708e-478a-9231-39db5f2fc7c3___GHLB_PS Leaf 32.1 Day 13.jpg,28,59,63,629
48c55974-9fe9-4f4b-94f7-c8cd127d1e05___GHLB_PS Leaf 23.7 Day 13.jpg,19,37,60,368
3db1a347-001b-4170-8f64-4fa097f83bc7___GHLB_PS Leaf 1.2 Day 8.jpg,23,87,26,514
6395653e-67bb-45ae-97cb-9adf19a9ae62___GHLB_PS Leaf 16 Day 8.jpg,22,57,71,214
993825d6-dbbd-41b8-9993-c68c3504eff8___GHLB_PS Leaf 36 Day 13.jpg,22,82,20,820
6c0403af-46da-424a-bb2e-98610e1b11b1___GHLB_PS Leaf 38 Day 16.jpg,35,53,80,278
45fefdc6-a9a7-4955-8066-146efe1c8a1c___GHLB_PS Leaf 27 Day 9.jpg,19,52,67,349
674b9176-bd0c-47be-94a3-7c973d2ecdab___GHLB_PS leaf 28.1 Day 12.jpg,24,51,21,620
a5ef7726-d20f-4109-985f-7fc8989e4aa5___GHLB_PS Leaf 2.2 Day 8.jpg,32,64,22,884
a6007dbc-3a2f-4c1e-9ec6-28d7d3a17f28___GHLB_PS Leaf 13 Day 8.jpg,28,73,32,792
9ed83599-49d6-479c-a69b-a133d9aee606___GHLB_PS Leaf 1.3 Day 13.jpg,35,58,66,481
517a9ea3-3465-4855-997e-dde30e566ab3___GHLB_PS Leaf 15 Day 7.jpg,34,40,70,868
75c6ecf4-8a75-4bc6-bfcb-2331f5c56b38___GHLB_PS Leaf 24.1 Day 13.jpg,18,47,14,881
10acd4c3-b1b8-4fc7-848a-c9af30086e78___GHLB_PS Leaf 28.2 Day 13.jpg,28,74,64,652
cc182d88-d09a-4caa-948a-91db3007290a___GHLB_PS Leaf 2.1 Day 7.jpg,28,34,38,740
88e2e3f1-defc-4d08-951a-ea6ed654dfe0___GHLB_PS Leaf 8 Day 8.jpg,27,80,62,446
98ae3801-450e-493f-aca0-014520cfaf6e___GHLB_PS Leaf 29.1 Day 12.jpg,25,83,66,267
ac1fbb8a-2a44-4d70-8c93-fc3cc13a876d___GHLB_PS Leaf 17 Day 8.jpg,34,73,13,992
7b343a4c-5fbc-40f6-83da-ccae49ebd5fb___GHLB_PS Leaf 35 Day 13.jpg,20,83,25,297
c3459ef4-41aa-415d-9941-e3fbdac87f20___GHLB_PS Leaf 8 Day 13.jpg,31,62,12,489
98586693-fe1f-4ea0-8e27-4501b61cf09b___GHLB_PS Leaf 23.5 Day 13.jpg,25,48,33,935
a6876e29-dc0f-4716-bd3c-eedc9f45cf70___GHLB_PS Leaf 41 Day 18.jpg,21,30,30,575
7e10e4ed-19e9-4e89-a936-4b2bb30d4e90___GHLB_PS Leaf 1 Day 13.jpg,19,53,52,318
28130e0a-20fa-47bb-a995-74933946ff2f___GHLB_PS Leaf 24.4 Day 13.jpg,31,68,68,535
ce3f895d-e031-4ed9-ac40-7f6550894bff___GHLB_PS Leaf 52.1 Day 18.jpg,33,57,38,457
d5f68aaa-5700-4957-b08c-dcab8be0d49e___GHLB_PS Leaf 1 Day 9.jpg,29,72,15,982
ed974f5b-e999-46a9-9e22-da51da2766b6___GHLB_PS Leaf 8 Day 16.jpg,24,42,52,953
bd9341f4-34d9-4acb-9aa0-5dbff08f8ba6___GHLB_PS Leaf 23 Day 9.jpg,25,32,32,763
4bf424a2-b275-4ac0-968c-fe229136f10d___GHLB_PS Leaf 2.5 Day 16.jpg,21,75,65,236
5e8c40ac-42c2-47da-87d4-c136216c6bea___GHLB_PS Leaf 49 Day 18.jpg,31,54,12,429
037c55c7-6e33-4b8d-af05-4d555f4e658e___GHLB_PS Leaf 42.1 Day 18.jpg,31,69,13,814
9bd2db81-5615-49e0-8697-e38d34b5a2ca___GHLB_PS Leaf 24.2 Day 13.jpg,25,32,44,895
dcf0db57-e7d2-487f-b9df-2ec299e0ee48___GHLB_PS Leaf 17.1 Day 8.jpg,19,78,44,272
d7d87536-e71c-4324-a00a-107b9ee00614___GHLB_PS Leaf 22.1 Day 9.jpg,34,35,37,409
d0badc95-d04c-457b-8db8-aa6e198f4bd6___GHLB Leaf 10 Day 6.jpeg,21,73,51,692
12125c80-42e3-4970-bb92-524262c337fa___GHLB_PS Leaf 8.1 Day 7.jpg,21,50,50,830
f21ce358-48ea-4676-9395-22145c4c9707___GHLB_PS Leaf 25.1 Day 9.jpg,23,34,27,986
1159051e-1278-4b35-929c-e26b963d048f___GHLB_PS Leaf 8.1 Day 16.jpg,20,72,64,457
c1775bad-7c02-41fb-bb7d-f8df91d60ac3___GHLB_PS Leaf 23.5 Day 13.jpg,18,64,79,283
c3a5ec63-9d0d-48a2-898a-9bc31b4443a9___GHLB_PS Leaf 1.2 Day 16.jpg,19,52,50,718
b2a9abfe-731d-4143-a534-158a4aea4dd1___GHLB_PS Leaf 1.5 Day 13.jpg,24,88,35,611
c9258e44-7f45-4baf-8140-69d4857c56ee___GHLB_PS Leaf 45 Day 18.jpg,21,59,19,876
60196a6c-a134-4107-8178-d1bb47450cee___GHLB Leaf 23.1 Day 9.jpg,30,38,64,670
97968e5a-b1d0-428c-842a-f77308212339___GHLB_PS Leaf 46.2 Day 18.jpg,29,81,64,495
6b7f4762-88d6-4e85-8fad-57ca4083ec89___GHLB_PS Leaf 8.1 Day 9.jpg,25,87,77,799
77730acc-705a-4b8f-8e3a-dc70bd348d40___GHLB_PS Leaf 32 Day 13.jpg,29,64,42,243
373403cf-6ba1-441e-bd8a-590578b67ba7___GHLB_PS Leaf 1 Day 16.jpg,34,36,21,641
b68b50e0-52b1-4ba0-98df-8080ffaf3a70___GHLB_PS Leaf 26 Day 16.jpg,30,75,19,221
cb11b3a4-a1f5-43a2-a7ff-399d7674b708___GHLB_PS Leaf 2.2 Day 18.jpg,19,73,23,684
29e924db-ef09-49f2-9db3-e3c548a444d5___GHLB_PS Leaf 17.1 Day 9.jpg,21,45,16,697
5de6da85-f8c4-48c4-b463-3e6bd78884cc___GHLB_PS Leaf 24 Day 16.jpg,19,74,46,350
4b115bc3-911c-4e98-b948-a6a360f06a87___GHLB_PS Leaf 25 Day 9.jpg,20,37,49,559
5114b264-0305-4447-b560-6ca1826d3420___GHLB_PS Leaf 24.1 Day 16.jpg,25,62,52,263
784f6313-1080-4bd1-a556-d4e14e6879d0___GHLB_PS Leaf 53.1 Day 18 .jpg,21,71,50,647
c7871a80-0d29-40ab-b117-344808cb3485___GHLB_PS Leaf 33 Day 13.jpg,27,72,13,602
3943d2dd-ffb8-43db-a59d-db7af654aecf___GHLB_PS Leaf 51.1 Day 18.jpg,34,58,18,308
eb816984-283e-4a3b-846d-9bf24b1cce8d___GHLB_PS Leaf 37.2 Day 13.jpg,31,79,76,212
09cdb8a4-0c20-4acd-b4c8-709fad7010fd___GHLB_PS Leaf 37 Day 16.jpg,33,63,43,279
bff1cbac-a141-4eda-ab29-b34dee705bce___GHLB_PS Leaf 47 Day 18.jpg,34,89,30,255
5600518d-5a2d-4155-a53b-cad312d7fbb1___GHLB_PS Leaf 26 Day 13.jpg,35,52,58,832
1bfebfc9-3eda-4889-bdb1-75a8929a1b4f___GHLB_PS Leaf 48 Day 18.jpg,30,62,39,265
aa2b76f2-a7e8-443c-81eb-20c00c0fd488___GHLB_PS Leaf 39.1 Day 16.jpg,23,52,46,974
5d8d97e7-8a2f-459f-a610-c26af46c7f5f___GHLB_PS Leaf 25.2 Day 16.jpg,33,68,42,860
fe20bf11-9be6-480c-8c99-b7b391ac9653___GHLB_PS Leaf 44.2 Day 18.jpg,19,65,62,434
121097dd-b0cb-436b-9b2f-7dab30c86872___GHLB_PS Leaf 37.1 Day 13.jpg,23,65,33,457
65773c21-d788-4c22-84b4-91257a603e74___GHLB_PS Leaf 13 Day 7.jpg,23,65,59,261
fddb6641-3785-4971-b44c-3cf0193112c2___GHLB_PS Leaf 43.2 Day 18.jpg,18,71,21,438
ecfdf723-18dd-46d5-9d22-a54289e9d765___GHLB_PS Leaf 31 Day 12.jpg,34,44,23,359
452dfdfb-298d-4c0c-b500-0c480eea587d___GHLB_PS Leaf 40 Day 18.jpg,28,75,14,719
17fcb016-4663-4f95-bc0b-b40392235015___GHLB_PS Leaf 35.1 Day 13.jpg,32,61,54,754
861d8b00-57a4-46b0-b51a-09d102dbe119___GHLB_PS Leaf 24 Day 13.jpg,28,39,22,444
16b43113-cc8c-4082-a88f-648b79036e49___GHLB_PS Leaf 23.4 Day 13.jpg,30,43,62,819
1cb5d336-3649-49bf-aa9a-72950067b8b0___GHLB_PS Leaf 12 Day 9.jpg,24,62,74,237
10020ad2-c9bc-448b-a2de-7a8d34796f96___GHLB_PS Leaf 2.1 Day 13.jpg,18,80,18,412
e55af4aa-1f1c-4300-86ca-bdcff04bef80___GHLB_PS Leaf 2 Day 9.jpg,26,49,23,367
af0ded43-0d73-4d40-bd97-2597806aa707___GHLB_PS Leaf 37 Day 13.jpg,24,41,45,282
afa8f963-b75c-4582-922b-c01f78d7d112___GHLB_PS Leaf 50 Day 18.jpg,28,38,71,343
f66ada20-cd47-4393-b7c6-87f1f39fd741___GHLB_PS Leaf 41.1 Day 18.jpg,24,83,16,322
d346f7f2-7cc9-43ef-bfcf-fbfd9d9db724___GHLB_PS Leaf 18 Day 8.jpg,32,61,72,665
3fae9c64-18f0-4a67-9f97-554248bb1bed___GHLB_PS Leaf 24 Day 16.jpg,28,48,33,705
c933cfb7-d1c7-420b-88d0-7df28ae6ab2d___GHLB_PS Leaf 36.1 Day 13.jpg,19,63,49,256
7d4d00c0-1e72-427d-9f05-1f64f8051cb8___GHLB_PS Leaf 1 Day 7.jpg,28,77,40,900
07b42bb5-9f6c-43bc-9bbe-e4b127d84cb6___GHLB Leaf 18.1 Day 8.jpg,18,38,29,429
7ec8c270-72a5-4c84-bfdb-400735f5b35c___GHLB_PS Leaf 46 Day 18.jpg,23,60,26,285
670616fe-c1a6-41a9-99b2-eb6270d8c299___GHLB_PS Leaf 26.2 Day 16.jpg,35,44,47,508
e5b50c59-e517-4dcc-8887-8bd2ca748329___GHLB2ES Leaf 142.jpg,21,51,49,327
0b988f87-fdce-40ba-aa09-7e6c9e1d6d30___GHLB_PS Leaf 21 Day 8.jpg,34,36,43,513
c1114ce7-8c10-4854-8c07-66b3500ae853___GHLB_PS Leaf 8 Day 7.jpg,34,37,53,575
10bdda57-bfe5-4403-a4c6-a1211d4f348e___GHLB_PS Leaf 20 Day 8.jpg,28,48,44,693
28e858c2-03ac-423c-8e0c-72e38a5634d9___GHLB_PS Leaf 2.2 Day 13.jpg,20,35,54,775
359ad718-024d-4c9e-b871-4144ca25da76___GHLB_PS Leaf 23.1 Day 13.jpg,28,86,40,666
d82b634e-9a19-497b-b698-aaf100d622a1___GHLB_PS Leaf 24 Day 13.jpg,32,69,58,488
bd4f09bd-ee85-4ab1-bce0-8cde3fdd7f1b___GHLB_PS Leaf 23.7 Day 13.jpg,24,43,64,500
5916c8e5-c9d2-4bc5-b5e7-8812caf890aa___GHLB_PS Leaf 29 Day 12.jpg,29,43,27,668
127f2df5-4da2-40ef-ba65-91a732f2498e___GHLB_PS Leaf 40.1 Day 18.jpg,20,45,38,901
de8d11a4-24da-489d-9c88-0d7cf5344cdc___GHLB_PS Leaf 2.3 Day 16.jpg,32,55,72,744
de2e16e8-b372-4d2e-ab3b-30b21c30faa7___GHLB_PS Leaf 1.5 Day 18.jpg,22,41,34,495
89d2801e-6359-4079-a4c2-0df4718d7800___GHLB_PS Leaf 1 Day 8.jpg,24,69,68,311
b2f89c9a-820c-4a8b-a6dd-bb0adab42757___GHLB_PS Leaf 44.1 Day 18.jpg,32,50,10,948
ac205c4a-58c5-430f-8b4c-f853652df749___GHLB_PS Leaf 30 Day 13.jpg,34,82,76,730
302da4a0-3b99-46ad-80f6-16ae585abf24___GHLB_PS Leaf 2.1 Day 18.jpg,34,73,11,728
a4547675-5ca9-48de-a334-deb20db0808c___GHLB_PS Leaf 34 Day 13.jpg,33,67,20,569
123c4b62-8641-4d88-b8cd-1c2e24a6c3a5___GHLB_PS Leaf 26.2 Day 13.jpg,23,41,53,995
12c80d02-59c6-4db4-a96e-b28c3fdaf3c2___GHLB_PS Leaf 1.2 Day 9.jpg,19,57,43,745
5de5dfbd-cd1f-4e5f-a263-256abb97b05b___GHLB_PS Leaf 8.1 Day 13.jpg,31,83,59,413
bb1cfbc3-b8eb-4a56-9313-86cffbea4524___GHLB_PS Leaf 30.1 Day 13.jpg,22,33,64,818
bbedca9b-8f66-4437-adb6-87f11edd8398___GHLB_PS Leaf 47.2 Day 18.jpg,35,90,37,546
c4f45383-715a-48b2-8ec7-c45d1c230a9d___GHLB_PS Leaf 13.1 Day 7.jpg,20,87,61,669
31eb8659-67c1-4cc6-b0b9-1d5ffe9eed0b___GHLB_PS Leaf 2.3 Day 18.jpg,28,59,79,364
c88e92df-e964-428e-9d8b-df1e402fa41f___GHLB_PS Leaf 27.1 Day 13.jpg,30,33,48,467
80fc88e3-e4b6-49be-9f10-a364dbf88767___GHLB2ES Leaf 137.jpg,32,44,19,462
15dc06c9-506a-470b-a015-14dcb585389f___GHLB_PS Leaf 15 Day 8.jpg,30,57,49,791
e9ef618a-46ef-4e2d-a76e-a2423336b29b___GHLB_PS Leaf 43 Day 18.jpg,29,70,58,297
736cd652-e63d-4b01-a3c6-6859bc095fb9___GHLB_PS Leaf 39 Day 16.jpg,23,84,70,205
a93a7ca0-3ed4-4d86-9441-49a6d605c26d___GHLB_PS Leaf 26 Day 9.jpg,28,55,19,653
ee26dd7d-3a4e-44c1-af1a-34dfdaa3d585___GHLB_PS Leaf 1.2 Day 7.jpg,25,45,27,959
baaa63dc-483f-44a6-ae09-855923e1607e___GHLB_PS Leaf 23.2 Day 9.jpg,31,36,44,980
860b6c56-686a-4f21-8ae3-d7e45acd760b___GHLB_PS Leaf 25 Day 16.jpg,34,67,75,562
cac3a565-799f-4b66-a575-5ad6ff356d37___GHLB_PS Leaf 2.3 Day 8.jpg,18,39,30,693
ff82087d-e992-41fb-a2ec-f726d92e6c58___GHLB_PS Leaf 27 day 13.jpg,29,34,51,982
ab4a4903-8395-481b-8f97-ee6837f5c094___GHLB_PS Leaf 30 Day 12.jpg,26,88,68,718
674de9c3-1e13-46e2-9d5d-f75f97cff552___GHLB_PS Leaf 1 Day 18.jpg,21,63,34,910
8b2bb3d4-b5db-4772-8151-2689b7d52846___GHLB_PS Leaf 19.1 Day 8.jpg,21,58,25,371
8fb5837a-daa2-49c9-8e6e-eeca83e1e764___GHLB_PS Leaf 26.1 Day 13.jpg,18,73,23,998
d84f5ea2-462a-40e2-8b01-916a65588aaf___GHLB_PS Leaf 22 Day 9.jpg,28,80,29,682
231e8502-72a3-4717-9ab7-919d02f6be1b___GHLB_PS Leaf 27.4 Day 13.jpg,21,44,28,960
d2ef0edd-4a4f-4245-85a8-34309ef9ef71___GHLB_PS Leaf 46.1 Day 18.jpg,35,42,16,931
c56dfea3-420f-46cf-b974-cec54b2c6992___GHLB_PS Leaf 2 Day 18.jpg,23,72,34,600
86992828-48ea-428c-bb7d-0c89365314b9___GHLB_PS Leaf 18.2 Day 8.jpg,32,48,26,474
7725973d-b1dd-4da4-abc9-2cc0cc247485___GHLB_PS Leaf 23.3 Day 9.jpg,28,73,75,629
ea0c20e8-ad9f-48a0-830c-280dbeeed370___GHLB_PS Leaf 48.1 Day 18.jpg,24,30,40,647
71fdeb76-d0e0-40a9-8a58-22d88a1c2b2b___GHLB_PS Leaf 34.1 Day 13.jpg,35,70,11,244
1f2dc4ae-5264-443a-a103-67fafb37bc70___GHLB_PS Leaf 26.1 Day 16.jpg,29,78,52,508
830c33b8-d419-4fb7-98f8-08387e726648___GHLB_PS Leaf 1.5 Day 16.jpg,19,49,58,792
aa32ce1a-27a6-4371-b119-ff5ea6e34a3d___GHLB_PS Leaf 24 Day 9.jpg,23,41,26,616
f7be50b3-65ad-4d0d-9c7f-55ab2de07b1b___GHLB_PS Leaf 19 Day 8.jpg,33,34,31,746
